Name,Status,District
Abiramam,Town Panchayat,Ramanathapuram
Acharapakkam,Town Panchayat,Kanchipuram
Achipatti,Census Town,Coimbatore
Adaikkakuzhi,Census Town,Kanniyakumari
Adikaratti,Town Panchayat,The Nilgiris
Adiramapattinam (Adirampattinam),Town Panchayat,Thanjavur
Adiyanuthu,Census Town,Dindigul
Aduthurai (Maruthuvakudi),Town Panchayat,Thanjavur
Agaram,Town Panchayat,Dindigul
Agastheeswaram,Town Panchayat,Kanniyakumari
Alagappapuram (Azhagappapuram),Town Panchayat,Kanniyakumari
Alamathi,Census Town,Thiruvallur
Alamelumangapuram,Census Town,Vellore
Alampalayam,Town Panchayat,Namakkal
Alandur,Municipality,Kanchipuram
Alanganallur,Town Panchayat,Madurai
Alangayam,Town Panchayat,Vellore
Alangudi,Town Panchayat,Pudukkottai
Alangulam,Census Town,Virudhunagar
Alangulam,Town Panchayat,Tirunelveli
Alanthurai,Town Panchayat,Coimbatore
Alapakkam,Census Town,Kanchipuram
Allapuram,Town Panchayat,Vellore
Alur (Aloor),Town Panchayat,Kanniyakumari
Alwarkurichi,Town Panchayat,Tirunelveli
Alwarthirunagiri,Town Panchayat,Thoothukkudi
Amathur,Census Town,Virudhunagar
Ambasamudram,Municipality,Tirunelveli
Ambattur,Municipality,Thiruvallur
Ambur,Municipality,Vellore
Ammainaickanur,Town Panchayat,Dindigul
Ammanur,Census Town,Vellore
Ammapattinam,Census Town,Pudukkottai
Ammapettai,Town Panchayat,Erode
Ammapettai,Town Panchayat,Thanjavur
Ammavarikuppam,Census Town,Thiruvallur
Ammoor,Town Panchayat,Vellore
Anaimalai,Town Panchayat,Coimbatore
Anaiyur,Municipality,Madurai
Anaiyur,Census Town,Virudhunagar
Anakaputhur,Municipality,Kanchipuram
Ananthapuram,Town Panchayat,Viluppuram
Andankoil East,Census Town,Karur
Andipalayam,Census Town,Tiruppur
Andipatti Jakkampatti,Town Panchayat,Theni
Anjugrammam (Anjugramam),Town Panchayat,Kanniyakumari
Annalagraharam,Census Town,Thanjavur
Annamalai Nagar,Town Panchayat,Cuddalore
Annavasal,Town Panchayat,Pudukkottai
Annur,Town Panchayat,Coimbatore
Anthiyur,Town Panchayat,Erode
Anuppankulam,Census Town,Virudhunagar
Appakudal,Town Panchayat,Erode
Arachalur,Town Panchayat,Erode
Arakandanallur,Town Panchayat,Viluppuram
Arakonam (Arakkonam),Municipality,Vellore
Aralvaimozhi,Town Panchayat,Kanniyakumari
Arani,Town Panchayat,Thiruvallur
Arani (Arni),Municipality,Tiruvannamalai
Aranthangi,Municipality,Pudukkottai
Arasiramani,Town Panchayat,Salem
Arasur,Census Town,Coimbatore
Aravakurichi,Town Panchayat,Karur
Aravankad (Aruvankadu),Township,The Nilgiris
Arcot,Municipality,Vellore
Arimalam,Town Panchayat,Pudukkottai
Ariyalur,Municipality,Ariyalur
Ariyappampalayam,Town Panchayat,Erode
Ariyur,Census Town,Vellore
Arumanai,Town Panchayat,Kanniyakumari
Arumbanur,Census Town,Madurai
Arumbavur,Town Panchayat,Perambalur
Arumuganeri,Town Panchayat,Thoothukkudi
Aruppukkottai,Municipality,Virudhunagar
Asaripallam,Town Panchayat,Kanniyakumari
Ashokapuram,Census Town,Coimbatore
Athani,Town Panchayat,Erode
Athanur,Town Panchayat,Namakkal
Athimarapatti,Census Town,Thoothukkudi
Athipatti,Census Town,Virudhunagar
Athipattu,Census Town,Thiruvallur
Athivilai,Census Town,Kanniyakumari
Athur,Town Panchayat,Thoothukkudi
Athur,Town Panchayat,Kanniyakumari
Attayampatti,Town Panchayat,Salem
Attur,Municipality,Salem
Avadattur,Census Town,Salem
Avadi,Municipality,Thiruvallur
Avalapalli,Census Town,Krishnagiri
Avalpoondurai,Town Panchayat,Erode
Avanashi (Avinashi),Town Panchayat,Tiruppur
Avaniapuram,Municipality,Madurai
A. Vellalapatti (Vellalapatti),Town Panchayat,Madurai
Ayacode,Census Town,Kanniyakumari
Ayakudi,Town Panchayat,Dindigul
Ayappakkam,Census Town,Thiruvallur
Aygudi,Town Panchayat,Tirunelveli
Ayothiapattinam,Town Panchayat,Salem
Ayyalur,Town Panchayat,Dindigul
Ayyampalayam,Town Panchayat,Dindigul
Ayyampettai,Census Town,Kanchipuram
Ayyampettai,Town Panchayat,Thanjavur
Ayyappanthangal,Census Town,Kanchipuram
Azhagiapandipuram (Azhagiapandiapuram),Town Panchayat,Kanniyakumari
Balakrishnampatti,Town Panchayat,Tiruchirappalli
Balakrishnapuram,Census Town,Dindigul
Balasamudram,Town Panchayat,Dindigul
Bargur,Town Panchayat,Krishnagiri
Batlagundu,Town Panchayat,Dindigul
Belur,Town Panchayat,Salem
Bhavani,Municipality,Erode
Bhavanisagar,Town Panchayat,Erode
Bhuvanagiri,Town Panchayat,Cuddalore
Bikketti,Town Panchayat,The Nilgiris
B.Mallapuram,Town Panchayat,Dharmapuri
B. Meenakshipuram,Town Panchayat,Theni
Bodinayakanur (Bodinayakkanur),Municipality,Theni
Boothapandi,Town Panchayat,Kanniyakumari
Boothipuram,Town Panchayat,Theni
Brahmana Periya Agraharam,Town Panchayat,Erode
Chakkarapalli,Census Town,Thanjavur
Chathirareddipatti,Census Town,Virudhunagar
Chatrapatti,Census Town,Virudhunagar
Chenbagaramanputhur,Census Town,Kanniyakumari
Chengalpattu,Municipality,Kanchipuram
Chengam,Town Panchayat,Tiruvannamalai
Chengappalli,Census Town,Tiruppur
Chennagiri,Census Town,Salem
Chennai [Madras],Municipal Corporation,Chennai
Chennasamudram,Town Panchayat,Erode
Chennimalai,Town Panchayat,Erode
Cheranmadevi,Town Panchayat,Tirunelveli
Chetpet (Chettupattu),Town Panchayat,Tiruvannamalai
Chettiarpatti,Town Panchayat,Virudhunagar
Chettinaickenpatti,Census Town,Dindigul
Chettipalayam,Census Town,Tiruppur
Chettipalayam,Town Panchayat,Coimbatore
Chettithangal,Census Town,Vellore
Chidambaram,Municipality,Cuddalore
Chidambaram Nm,Census Town,Cuddalore
Chinna Anuppanadi,Census Town,Madurai
Chinnakalayamputhur,Census Town,Dindigul
Chinnakkampalayam,Town Panchayat,Tiruppur
Chinnalapatti,Town Panchayat,Dindigul
Chinnamanur,Municipality,Theni
Chinnampalayam (Chinniampalayam),Census Town,Coimbatore
Chinnamudalaipatti,Census Town,Namakkal
Chinnasalem,Town Panchayat,Viluppuram
Chinnasekkadu,Town Panchayat,Thiruvallur
Chinnathadagam,Census Town,Coimbatore
Chinnavedampatti,Town Panchayat,Coimbatore
Chinniam palayam,Census Town,Coimbatore
Chithode,Town Panchayat,Erode
Chitlapakkam,Town Panchayat,Kanchipuram
Cholapuram,Town Panchayat,Thanjavur
Choozhal,Census Town,Kanniyakumari
Coimbatore,Municipal Corporation,Coimbatore
Colachel (Kolachal),Municipality,Kanniyakumari
Coonoor,Municipality,The Nilgiris
Courtalam (Courtallam),Town Panchayat,Tirunelveli
Cuddalore,Municipality,Cuddalore
Dalavaipatti,Census Town,Salem
Damalerimuthur,Census Town,Vellore
Dasanaickenpatti,Census Town,Salem
Denkanikottai,Town Panchayat,Krishnagiri
Desur,Town Panchayat,Tiruvannamalai
Devadanapatti,Town Panchayat,Theni
Devakottai,Municipality,Sivaganga
Devarshola,Town Panchayat,The Nilgiris
Devasthanam,Census Town,Vellore
Devikapuram,Census Town,Tiruvannamalai
Devipattinam,Census Town,Ramanathapuram
Dhalavoipuram,Census Town,Virudhunagar
Dhali,Town Panchayat,Tiruppur
Dhaliyur,Town Panchayat,Coimbatore
Dharamapuram,Census Town,Kanniyakumari
Dharapadavedu,Municipality,Vellore
Dharapuram,Municipality,Tiruppur
Dharasuram (Darasuram),Town Panchayat,Thanjavur
Dharmapuri,Municipality,Dharmapuri
Dindigul,Municipality,Dindigul
Doramangalam,Census Town,Salem
Dusi,Census Town,Tiruvannamalai
Edaganasalai,Town Panchayat,Salem
Edaicode (Edaikodu),Town Panchayat,Kanniyakumari
Edakalinadu,Town Panchayat,Kanchipuram
Edappadi,Municipality,Salem
Edayanchavadi,Census Town,Thiruvallur
Elathur,Town Panchayat,Erode
Elayirampannai,Census Town,Virudhunagar
Ellakkudy,Census Town,Tiruchirappalli
Ellandaikuttai,Census Town,Namakkal
Elumalai,Town Panchayat,Madurai
Eral,Town Panchayat,Thoothukkudi
Eranapuram,Census Town,Salem
Eraniel,Town Panchayat,Kanniyakumari
Eriodu (Eriyodu),Town Panchayat,Dindigul
Erode,Municipal Corporation,Erode
Erumaipatti,Town Panchayat,Namakkal
Erumapalayam,Census Town,Salem
Eruvadi,Town Panchayat,Tirunelveli
Ethapur,Town Panchayat,Salem
Ettayapuram,Town Panchayat,Thoothukkudi
Ettimadai,Town Panchayat,Coimbatore
Ezhudesam,Town Panchayat,Kanniyakumari
Ganapathipuram,Town Panchayat,Kanniyakumari
Gandhinagar (Katpadi Extn),Town Panchayat,Vellore
Gandipuram,Census Town,Kanniyakumari
Gangaikondan,Town Panchayat,Cuddalore
Gangavalli,Town Panchayat,Salem
Ganguvarpatti,Town Panchayat,Theni
Gerugambakkam,Census Town,Kanchipuram
Gingee,Town Panchayat,Viluppuram
Gobichettipalayam,Municipality,Erode
Gopalasamudram,Town Panchayat,Tirunelveli
Goundampalayam,Municipality,Coimbatore
Gudalur,Town Panchayat,The Nilgiris
Gudalur,Town Panchayat,Coimbatore
Gudalur,Town Panchayat,Theni
Gudiyatham,Municipality,Vellore
Gummidipoondi,Town Panchayat,Thiruvallur
Gunduuppalavadi,Census Town,Cuddalore
Hale-Dharmapuri,Census Town,Dharmapuri
Hanumanthampatti,Town Panchayat,Theni
Harur,Town Panchayat,Dharmapuri
Harveypatti,Town Panchayat,Madurai
Highways,Town Panchayat,Theni
Hosur,Municipality,Krishnagiri
Hubbathala,Census Town,The Nilgiris
Huligal,Town Panchayat,The Nilgiris
Idikarai,Town Panchayat,Coimbatore
Iduvai,Census Town,Tiruppur
Ilampillai (Elampillai),Town Panchayat,Salem
Ilanji,Town Panchayat,Tirunelveli
Ilayangudi (Ilaiyangudi),Town Panchayat,Sivaganga
Iluppaiyurani,Census Town,Thoothukkudi
Iluppur,Town Panchayat,Pudukkottai
Inam Karur,Municipality,Karur
Inam Maniyachi,Census Town,Thoothukkudi
Injambakkam,Census Town,Kanchipuram
Iravadanallur,Census Town,Madurai
Irugur,Town Panchayat,Coimbatore
Jaffrabad,Census Town,Vellore
Jagathala,Town Panchayat,The Nilgiris
Jalakandapuram,Town Panchayat,Salem
Jalladiampet,Census Town,Kanchipuram
Jambai,Town Panchayat,Erode
Jayankondam,Municipality,Ariyalur
Jolarpet,Municipality,Vellore
Kadambathur,Census Town,Thiruvallur
Kadambur,Town Panchayat,Thoothukkudi
Kadaparai,Census Town,Karur
Kadathur,Town Panchayat,Dharmapuri
Kadayal,Town Panchayat,Kanniyakumari
Kadayam,Census Town,Tirunelveli
Kadayampatti,Town Panchayat,Salem
Kadayanallur,Municipality,Tirunelveli
Kadhirvedu,Census Town,Thiruvallur
Kailasagiri,Census Town,Vellore
Kakkalur,Census Town,Thiruvallur
Kalakad (Kalakkad),Town Panchayat,Tirunelveli
Kalambur,Town Panchayat,Tiruvannamalai
Kalapatti,Town Panchayat,Coimbatore
Kalappanaickenpatti,Town Panchayat,Namakkal
Kalavai,Town Panchayat,Vellore
Kalinjur,Town Panchayat,Vellore
Kaliyakkavilai,Town Panchayat,Kanniyakumari
Kalladaikurichi,Town Panchayat,Tirunelveli
Kallakkurichi (Kallakurichi),Municipality,Viluppuram
Kallakudi (Kallakudy),Town Panchayat,Tiruchirappalli
Kallangudy,Census Town,Pudukkottai
Kallukuttam,Town Panchayat,Kanniyakumari
Kalparapatti,Census Town,Salem
Kalugumalai,Town Panchayat,Thoothukkudi
Kamayagoundanpatti,Town Panchayat,Theni
Kambainallur,Town Panchayat,Dharmapuri
Kambam (Cumbum),Municipality,Theni
Kamuthi,Town Panchayat,Ramanathapuram
Kanadukathan,Town Panchayat,Sivaganga
Kanakkampalayam (in: Udumalaipettai subdistrict),Census Town,Tiruppur
Kanakkampalayam (in: Tiruppur subdistrict),Census Town,Tiruppur
Kanam,Town Panchayat,Thoothukkudi
Kancheepuram (Kanchipuram),Municipality,Kanchipuram
Kandanur,Town Panchayat,Sivaganga
Kangeyam,Town Panchayat,Tiruppur
Kangeyanallur,Census Town,Vellore
Kaniyambadi,Census Town,Vellore
Kaniyur,Town Panchayat,Tiruppur
Kaniyur,Census Town,Coimbatore
Kanjikoil,Town Panchayat,Erode
Kannamangalam,Town Panchayat,Tiruvannamalai
Kannampalayam,Town Panchayat,Coimbatore
Kannanendal (Kannadendal),Census Town,Madurai
Kannankurichi,Town Panchayat,Salem
Kannanoor,Census Town,Kanniyakumari
Kannapalayam,Census Town,Thiruvallur
Kannivadi,Town Panchayat,Tiruppur
Kannivadi,Town Panchayat,Dindigul
Kanniyakumari (Kanyakumari),Town Panchayat,Kanniyakumari
Kappiyarai,Town Panchayat,Kanniyakumari
Karadipatti,Census Town,Madurai
Karaikkudi (Karaikudi),Municipality,Sivaganga
Karaipudur,Census Town,Tiruppur
Karamadai,Town Panchayat,Coimbatore
Karambakkam,Census Town,Thiruvallur
Karambakkudi,Town Panchayat,Pudukkottai
Kariamangalam,Town Panchayat,Dharmapuri
Kariapatti,Town Panchayat,Virudhunagar
Karugampattur,Census Town,Vellore
Karukkalvadi,Census Town,Salem
Karumandi Chellipalayam,Town Panchayat,Erode
Karumathampatti,Town Panchayat,Coimbatore
Karungal,Town Panchayat,Kanniyakumari
Karunguzhi,Town Panchayat,Kanchipuram
Karuppur,Town Panchayat,Salem
Karur,Municipality,Karur
Kasinayagampatti,Census Town,Vellore
Kasipalayam (E),Municipality,Erode
Kasipalayam (G) (Kasipalayam-Gobi),Town Panchayat,Erode
Katpadi,Town Panchayat,Vellore
Kattathurai,Census Town,Kanniyakumari
Kattiganapalli (Kathujuganapalli),Census Town,Krishnagiri
Kattimancode,Census Town,Kanniyakumari
Kattivakkam (Kathivakkam),Municipality,Thiruvallur
Kattumannarkoil,Town Panchayat,Cuddalore
Kattupakkam,Census Town,Thiruvallur
Kattuputhur,Town Panchayat,Tiruchirappalli
Kaveripakkam,Town Panchayat,Vellore
Kaveripattinam,Town Panchayat,Krishnagiri
Kayalpattinam,Municipality,Thoothukkudi
Kayatharu,Town Panchayat,Thoothukkudi
Keelakarai (Kilakarai),Municipality,Ramanathapuram
Keelamanjakudi,Census Town,Pudukkottai
Keeramangalam,Town Panchayat,Pudukkottai
Keeranur,Town Panchayat,Dindigul
Keeranur,Town Panchayat,Pudukkottai
Keeripatti,Town Panchayat,Salem
Keezhkulam (Kilkulam),Town Panchayat,Kanniyakumari
Kelamangalam,Town Panchayat,Krishnagiri
Kembainaickenpalayam,Town Panchayat,Erode
Kethi (Ketti),Town Panchayat,The Nilgiris
Kila Ambur,Census Town,Tirunelveli
Kilampadi,Town Panchayat,Erode
Kilapavoor (Keezhapavur),Town Panchayat,Tirunelveli
Kilkunda,Town Panchayat,The Nilgiris
Killai,Town Panchayat,Cuddalore
Killiyoor (Killiyur),Town Panchayat,Kanniyakumari
Kilmanavur,Census Town,Vellore
Kilpennathur (Kizh-Pennathur),Town Panchayat,Tiruvannamalai
Kilpudupakkam,Census Town,Tiruvannamalai
Kilvaithinankuppam,Census Town,Vellore
Kilvelur,Town Panchayat,Nagapattinam
Kinathukadavu,Town Panchayat,Coimbatore
K.Madapur,Census Town,Coimbatore
Kodaikanal,Municipality,Dindigul
Kodavasal (Kudavasal),Town Panchayat,Thiruvarur
Kodivalasa,Census Town,Thiruvallur
Kodumudi,Town Panchayat,Erode
Koilambakkam,Census Town,Kanchipuram
Koilpalayam,Census Town,Coimbatore
Kolappalur,Town Panchayat,Erode
Kolathupalayam,Town Panchayat,Tiruppur
Kolathur,Town Panchayat,Salem
Kollancode (Kollankodu),Town Panchayat,Kanniyakumari
Kollankoil,Town Panchayat,Erode
Komaralingam,Town Panchayat,Tiruppur
Kombai,Town Panchayat,Theni
Konavattam,Census Town,Vellore
Kondalampatti,Census Town,Salem
Kondappanaickenpatti,Census Town,Salem
Kondasamudram,Census Town,Vellore
Kondichettipatti,Census Town,Namakkal
Kondur,Census Town,Cuddalore
Konerikuppam,Census Town,Kanchipuram
Konganapuram,Town Panchayat,Salem
Kooraikundu,Census Town,Virudhunagar
Koothappar,Town Panchayat,Tiruchirappalli
Koradacheri,Town Panchayat,Thiruvarur
Kosavampatti,Census Town,Namakkal
Kotagiri,Town Panchayat,The Nilgiris
Kothanallur (Kothinallur),Town Panchayat,Kanniyakumari
Kottagoundampatty,Census Town,Salem
Kottaiyur,Town Panchayat,Sivaganga
Kottakuppam,Town Panchayat,Viluppuram
Kottaram,Town Panchayat,Kanniyakumari
Kottivakkam,Census Town,Kanchipuram
Kottur,Town Panchayat,Coimbatore
Kovalam (Covelong),Census Town,Kanchipuram
Kovilpatti,Municipality,Thoothukkudi
Kovur,Census Town,Kanchipuram
Krishnagiri,Municipality,Krishnagiri
Krishnarayapuram,Town Panchayat,Karur
Krishnasamudram,Census Town,Tiruchirappalli
Kuchanur,Town Panchayat,Theni
Kuhalur,Town Panchayat,Erode
Kulappuram,Census Town,Kanniyakumari
Kulasekaram (Kulasekarapuram),Town Panchayat,Kanniyakumari
Kulathur (Kulathoor),Census Town,Tiruchirappalli
Kulithalai,Municipality,Karur
Kullursandai,Census Town,Virudhunagar
Kumaragiri,Census Town,Thoothukkudi
Kumarapalayam (Komarapalayam),Municipality,Namakkal
Kumarapuram,Town Panchayat,Kanniyakumari
Kumbakonam,Municipality,Thanjavur
Kundrathur,Town Panchayat with Outgrowth,Kanchipuram
Kuniyamuthur,Municipality,Coimbatore
Kunnathur,Town Panchayat,Tiruppur
Kurichi,Municipality,Coimbatore
Kurinjipadi,Town Panchayat,Cuddalore
Kurudampalayam,Census Town,Coimbatore
Kurukkupatti,Census Town,Salem
Kurumbalur,Town Panchayat,Perambalur
Kurumbapatti,Census Town,Dindigul
Kuruppanaickenpalayam,Census Town,Erode
Kuthalam,Town Panchayat,Nagapattinam
Kuthanallur,Municipality,Thiruvarur
Kuthankuzhi,Census Town,Tirunelveli
Kuzhithurai,Municipality,Kanniyakumari
Labbaikudikadu,Town Panchayat,Perambalur
Lakkampatti,Town Panchayat,Erode
Lakkiampatti,Census Town,Dharmapuri
Lakshminarayanapuram,Census Town,Cuddalore
Lalgudi,Town Panchayat,Tiruchirappalli
Lalpet,Town Panchayat,Cuddalore
Madaharpakkam,Census Town,Thiruvallur
Madambakkam,Town Panchayat,Kanchipuram
Madambakkam (in: Sriperumbudur subdistrict),Census Town,Kanchipuram
Madathukulam,Town Panchayat,Tiruppur
Madavaram (Madhavaram),Municipality,Thiruvallur
Madippakkam (Madipakkam),Census Town,Kanchipuram
Madukkarai,Town Panchayat,Coimbatore
Madukkur,Town Panchayat,Thanjavur
Madurai,Municipal Corporation,Madurai
Maduranthakam,Municipality,Kanchipuram
Maduravoyal,Municipality,Thiruvallur
Majaragollappatti,Census Town,Salem
Makkinampatti,Census Town,Coimbatore
Malayadi,Census Town,Kanniyakumari
Mallamooppampatti,Census Town,Salem
Mallankinaru,Town Panchayat,Virudhunagar
Mallasamudram,Town Panchayat,Namakkal
Mallur,Town Panchayat,Salem
Malumichampatti,Census Town,Coimbatore
Mamallapuram (Mahabalipuram),Town Panchayat,Kanchipuram
Mamsapuram,Town Panchayat,Virudhunagar
Manachanallur,Town Panchayat,Tiruchirappalli
Manakudi,Census Town,Kanniyakumari
Manali,Municipality,Thiruvallur
Manalmedu,Town Panchayat,Nagapattinam
Manalurpet,Town Panchayat,Viluppuram
Manamadurai,Town Panchayat,Sivaganga
Manapakkam,Census Town,Kanchipuram
Manapparai,Municipality,Tiruchirappalli
Manavalakurichi,Town Panchayat,Kanniyakumari
Mancad,Census Town,Kanniyakumari
Mandaikadu,Town Panchayat,Kanniyakumari
Mandapam,Town Panchayat,Ramanathapuram
Mangadu,Town Panchayat,Kanchipuram
Mangalam,Census Town,Tiruppur
Mangalampet,Town Panchayat,Cuddalore
Manickapuram,Census Town,Tiruppur
Manimutharu,Town Panchayat,Tirunelveli
Manjakollai,Census Town,Nagapattinam
Manjalumoodu,Census Town,Kanniyakumari
Mannarai,Census Town,Tiruppur
Mannargudi,Municipality,Thiruvarur
Manthithoppu,Census Town,Thoothukkudi
Mappilaiurani,Census Town,Thoothukkudi
Maraimalainagar,Municipality,Kanchipuram
Marakkanam,Town Panchayat,Viluppuram
Maramangalathupatti,Census Town,Salem
Marandahalli,Town Panchayat,Dharmapuri
Markayankottai,Town Panchayat,Theni
Marudur,Town Panchayat,Karur
Marungur (Marungoor),Town Panchayat,Kanniyakumari
Maruthancode,Census Town,Kanniyakumari
Masinaickenpatty,Census Town,Salem
Mathicode,Census Town,Kanniyakumari
Mathigiri,Town Panchayat,Krishnagiri
Mathur,Census Town,Thiruvallur
Mayiladuthurai,Municipality,Nagapattinam
Mecheri,Town Panchayat,Salem
Medavakkam,Census Town,Kanchipuram
Meenambakkam,Town Panchayat with Outgrowth,Kanchipuram
Melacheval,Town Panchayat,Tirunelveli
Melachokkanathapuram,Town Panchayat,Theni
Melagaram,Town Panchayat,Tirunelveli
Melamadai,Census Town,Madurai
Melaparthibanur,Census Town,Ramanathapuram
Melathiruppanthuruthi,Town Panchayat,Thanjavur
Melattur,Town Panchayat,Thanjavur
Melpattampakkam,Town Panchayat,Cuddalore
Melur,Municipality,Madurai
Melvisharam,Municipality,Vellore
Methukummal,Census Town,Kanniyakumari
Mettamalai,Census Town,Virudhunagar
Mettunasuvanpalayam,Census Town,Erode
Mettupalayam,Municipality,Coimbatore
Mettupalayam,Town Panchayat,Tiruchirappalli
Mettur,Municipality,Salem
Mevalurkuppam,Census Town,Kanchipuram
Midalam,Census Town,Kanniyakumari
Milavittan,Census Town,Thoothukkudi
Minampalli-Pachamadevi,Census Town,Karur
Minjur,Town Panchayat,Thiruvallur
Modakurichi,Town Panchayat,Erode
Mohanur,Town Panchayat,Namakkal
Molachur,Census Town,Kanchipuram
Mookondapalli,Census Town,Krishnagiri
Moolakaraipatti,Town Panchayat,Tirunelveli
Moovarasampettai,Census Town,Kanchipuram
Mopperipalayam,Town Panchayat,Coimbatore
Morattupalayam,Census Town,Tiruppur
Mudukulathur,Town Panchayat,Ramanathapuram
Mugalivakkam,Census Town,Kanchipuram
Mukasipidariyur,Census Town,Erode
Mukkudal,Town Panchayat,Tirunelveli
Mulagumudu,Town Panchayat,Kanniyakumari
Mulanur,Town Panchayat,Tiruppur
Mullipattu,Census Town,Tiruvannamalai
Muruganpalayam,Census Town,Tiruppur
Musiri,Town Panchayat,Tiruchirappalli
Muthanampalayam,Census Town,Tiruppur
Muthugoundam Pudur,Census Town,Coimbatore
Muthukadu,Census Town,Kanchipuram
Muthupet,Town Panchayat,Thiruvarur
Muthur,Town Panchayat,Tiruppur
Muttayyapuram,Census Town,Thoothukkudi
Muzhucode,Census Town,Kanniyakumari
Mylaudy (Myladi),Town Panchayat,Kanniyakumari
Nadaikavu,Census Town,Kanniyakumari
Nadukuthagai,Census Town,Thiruvallur
Naduvaneri,Census Town,Salem
Naduvattam,Town Panchayat,The Nilgiris
Nagamalaipudukottai,Census Town,Madurai
Nagamangalam,Census Town,Tiruchirappalli
Nagapattinam,Municipality,Nagapattinam
Nagavakulam,Census Town,Madurai
Nagercoil,Municipality,Kanniyakumari
Nagojanahalli,Town Panchayat,Krishnagiri
Nallampatti,Town Panchayat,Erode
Nallipalayam,Census Town,Namakkal
Nalloor (Nallur),Town Panchayat,Kanniyakumari
Nallur,Census Town,Tirunelveli
Nallur $,Census Town,Thiruvallur
Namagiripettai,Town Panchayat,Namakkal
Namakkal,Municipality,Namakkal
Nambiyur,Town Panchayat,Erode
Nandambakkam,Town Panchayat,Kanchipuram
Nandivaram - Guduvancheri,Town Panchayat,Kanchipuram
Nangavalli,Town Panchayat,Salem
Nangavaram,Town Panchayat,Karur
Nanguneri,Town Panchayat,Tirunelveli
Nanjikottai,Census Town,Thanjavur
Nannilam,Town Panchayat,Thiruvarur
Naranammalpuram,Town Panchayat,Tirunelveli
Naranapuram,Census Town,Virudhunagar
Narasimhanaicken-palayam,Town Panchayat,Coimbatore
Narasingam,Census Town,Madurai
Narasingapuram,Census Town,Vellore
Narasingapuram,Municipality,Salem
Naravarikuppam,Town Panchayat,Thiruvallur
Nasiyanur,Town Panchayat,Erode
Natchiarkoil,Census Town,Thanjavur
Natham,Town Panchayat,Dindigul
Nathampannai,Census Town,Pudukkottai
Natrampalli,Town Panchayat,Vellore
Nattalam,Census Town,Kanniyakumari
Nattapettai,Census Town,Kanchipuram
Nattarasankottai,Town Panchayat,Sivaganga
Navalpattu,Census Town,Tiruchirappalli
Navlock Garden,Census Town,Vellore
Nazarathpettai,Census Town,Thiruvallur
Nazerath,Town Panchayat,Thoothukkudi
Nedungundram,Census Town,Kanchipuram
Needamangalam,Town Panchayat,Thiruvarur
Neelagiri,Census Town,Thanjavur
Neelambur,Census Town,Coimbatore
Neelankarai,Census Town,Kanchipuram
Neikkarapatti,Town Panchayat,Dindigul
Nellikuppam,Municipality,Cuddalore
Nelliyalam,Municipality,The Nilgiris
Nemili,Town Panchayat,Vellore
Nemilicheri,Census Town,Thiruvallur
Neripperichal,Census Town,Tiruppur
Nerkunram (Nerkundram),Census Town,Thiruvallur
Nerkuppai,Town Panchayat,Sivaganga
Nerunjipettai,Town Panchayat,Erode
Neykkarappatti,Census Town,Salem
Neyveli,Township,Cuddalore
Neyyoor,Town Panchayat,Kanniyakumari
Nilaiyur I Bit,Census Town,Madurai
Nilakkottai,Town Panchayat,Dindigul
Nolambur,Census Town,Thiruvallur
Nullivilai,Census Town,Kanniyakumari
Odaipatti,Town Panchayat,Theni
Odaiyakulam,Town Panchayat,Coimbatore
Oddanchatram,Town Panchayat,Dindigul
Odugathur,Town Panchayat,Vellore
Oggiyamduraipakkam,Census Town,Kanchipuram
Olagadam,Town Panchayat,Erode
Omalur,Town Panchayat,Salem
Orathanadu (Mukthambalpuram),Town Panchayat,Thanjavur
Orikkai,Census Town,Kanchipuram
Othakadai,Census Town,Madurai
Othakalmandapam,Town Panchayat,Coimbatore
Ottapparai,Census Town,Erode
O' Valley,Town Panchayat,The Nilgiris
Overi,Census Town,Tirunelveli
Pachchal,Census Town,Vellore
Pacode,Town Panchayat,Kanniyakumari
Padaiveedu,Town Panchayat,Namakkal
Padandal,Census Town,Virudhunagar
Padappai,Census Town,Kanchipuram
Padianallur,Census Town,Thiruvallur
Padikkasu vaithanpatti,Census Town,Virudhunagar
Padirikuppam,Census Town,Cuddalore
Padmanabhapuram,Municipality,Kanniyakumari
Painkulam,Census Town,Kanniyakumari
Paiyur,Census Town,Tiruvannamalai
Palaganangudy,Census Town,Tiruchirappalli
Palakkodu,Town Panchayat,Dharmapuri
Palamedu,Town Panchayat,Madurai
Palangarai,Census Town,Tiruppur
Palani,Municipality,Dindigul
Palani Chettipatti,Town Panchayat,Theni
Palappallam,Town Panchayat,Kanniyakumari
Palavakkam,Census Town,Kanchipuram
Palavansathu,Census Town,Vellore
Palayam,Town Panchayat,Dindigul
Palayampatti,Census Town,Virudhunagar
Palladam,Municipality,Tiruppur
Pallanthurai,Census Town,Kanniyakumari
Pallapalayam,Town Panchayat,Erode
Pallapalayam,Town Panchayat,Coimbatore
Pallapatti,Town Panchayat,Karur
Pallapatti,Census Town,Virudhunagar
Pallathur,Town Panchayat,Sivaganga
Pallavaram,Municipality with Outgrowth,Kanchipuram
Pallikaranai,Town Panchayat,Kanchipuram
Pallikonda,Town Panchayat,Vellore
Pallipalayam,Municipality,Namakkal
Pallipalayam Agraharam,Census Town,Namakkal
Pallipattu,Town Panchayat,Thiruvallur
Pallippadai,Census Town,Cuddalore
Paloor,Census Town,Kanniyakumari
Palugal,Town Panchayat,Kanniyakumari
Pammal,Municipality,Kanchipuram
Panagudi,Town Panchayat,Tirunelveli
Panaimarathupatti,Town Panchayat,Salem
Panapakkam,Town Panchayat,Vellore
Pandamangalam,Town Panchayat,Namakkal
Pandavarmangalam,Census Town,Thoothukkudi
Pannaikadu,Town Panchayat,Dindigul
Pannaipuram,Town Panchayat,Theni
Panpoli,Town Panchayat,Tirunelveli
Panruti,Municipality,Cuddalore
Papanasam,Town Panchayat,Thanjavur
Pappankurichi,Census Town,Tiruchirappalli
Papparapatti,Town Panchayat,Dharmapuri
Papparapatti,Census Town,Salem
Pappireddipatti,Town Panchayat,Dharmapuri
Paramakudi,Municipality,Ramanathapuram
Paramathi,Town Panchayat,Namakkal
Parangipettai,Town Panchayat,Cuddalore
Paraniputhur,Census Town,Kanchipuram
Paravai,Town Panchayat,Madurai
Pasur,Town Panchayat,Erode
Pathamadai (Pattamadai),Town Panchayat,Tirunelveli
Pattanam,Census Town,Coimbatore
Pattinam,Town Panchayat,Namakkal
Pattinamkattan,Census Town,Ramanathapuram
Pattiveeranpatti,Town Panchayat,Dindigul
Pattukkottai,Municipality,Thanjavur
Pavali,Census Town,Virudhunagar
Peddikuppam,Census Town,Thiruvallur
Peerkankaranai,Town Panchayat with Outgrowth,Kanchipuram
Pennadam,Town Panchayat,Cuddalore
Pennagaram,Town Panchayat,Dharmapuri
Pennathur,Town Panchayat,Vellore
Peraiyur,Town Panchayat,Madurai
Peralam,Town Panchayat,Thiruvarur
Perambakkam,Census Town,Thiruvallur
Perambalur,Municipality,Perambalur
Peranamallur,Town Panchayat,Tiruvannamalai
Peravurani,Town Panchayat,Thanjavur
Periagaram,Census Town,Vellore
Periakottai,Census Town,Tiruppur
Periapattinam (Periyapattinam),Census Town,Ramanathapuram
Periyakodiveri,Town Panchayat,Erode
Periyakulam,Municipality,Theni
Periyakurichi,Census Town,Cuddalore
Periyamanali,Census Town,Namakkal
Periyanaicken-palayam,Town Panchayat,Coimbatore
Periya Negamam,Town Panchayat,Coimbatore
Periyapatti,Census Town,Namakkal
Periyasemur,Municipality,Erode
Pernampattu,Municipality,Vellore
Perumagalur,Town Panchayat,Thanjavur
Perumagoundampatti,Census Town,Salem
Perumanallur,Census Town,Tiruppur
Perumandi,Census Town,Thanjavur
Perundurai,Town Panchayat,Erode
Perungalathur,Town Panchayat,Kanchipuram
Perungudi,Town Panchayat,Kanchipuram
Perungulam,Town Panchayat,Thoothukkudi
Perur,Town Panchayat,Coimbatore
Perur Chettipalayam,Census Town,Coimbatore
Peruvilai,Census Town,Kanniyakumari
Pethampalayam,Town Panchayat,Erode
Pethanaickenpalayam,Town Panchayat,Salem
Pichandarkovil,Census Town,Tiruchirappalli
Pillanallur,Town Panchayat,Namakkal
P. J. Cholapuram,Town Panchayat,Karur
P. Mettupalayam,Town Panchayat,Erode
P. N. Patti,Town Panchayat,Salem
Polichalur,Census Town,Kanchipuram
Pollachi,Municipality,Coimbatore
Polur,Town Panchayat,Tiruvannamalai
Ponmanai,Town Panchayat,Kanniyakumari
Ponnamaravathi,Town Panchayat,Pudukkottai
Ponnampatti,Town Panchayat,Tiruchirappalli
Ponneri,Town Panchayat,Thiruvallur
Poolambadi,Town Panchayat,Perambalur
Poolampatti,Town Panchayat,Salem
Poolankinar,Census Town,Tiruppur
Pooluvapatti,Town Panchayat,Coimbatore
Poonamallee,Municipality with Outgrowth,Thiruvallur
Poravacheri,Census Town,Nagapattinam
Porur,Town Panchayat,Thiruvallur
Pothanur,Town Panchayat,Namakkal
Pothatturpettai,Town Panchayat,Thiruvallur
Pudiyamputhur,Census Town,Thoothukkudi
Pudukkottai,Census Town,Pudukkottai
Pudukkottai,Municipality,Pudukkottai
Pudupalayam,Town Panchayat,Tiruvannamalai
Pudupalayam Agraharam,Census Town,Namakkal
Pudupatti,Town Panchayat,Theni
Pudupattinam,Census Town,Kanchipuram
Pudupattinam,Census Town,Thanjavur
Pudur (S),Town Panchayat,Tirunelveli
Puduvayal,Town Panchayat,Sivaganga
Puliankudi (Puliyankudi),Municipality,Tirunelveli
Puliyoorsalai,Census Town,Kanniyakumari
Puliyur,Town Panchayat,Karur
Pullampadi (Pullambadi),Town Panchayat,Tiruchirappalli
Punjaipugalur,Town Panchayat,Karur
Punjaipuliampatti,Municipality,Erode
Punjai Thottakurichi,Town Panchayat,Karur
Puthagaram,Census Town,Thiruvallur
Puthalam,Town Panchayat,Kanniyakumari
Putheri,Census Town,Kanniyakumari
Puthukkadai,Town Panchayat,Kanniyakumari
Puthur Agraharam,Census Town,Salem
Puvalur (Poovalur),Town Panchayat,Tiruchirappalli
Puzhal,Town Panchayat,Thiruvallur
Puzhithivakkam (Ullagaram),Municipality,Kanchipuram
Rajapalayam,Municipality,Virudhunagar
Rajapalayam,Census Town,Salem
Ramalingapuram,Census Town,Virudhunagar
Ramanathapuram,Municipality,Ramanathapuram
Ramapuram,Census Town,Thiruvallur
Rameswaram,Municipality,Ramanathapuram
Ranipettai (Ranipet),Municipality,Vellore
Rasipuram,Municipality,Namakkal
Rayagiri,Town Panchayat,Tirunelveli
Reethapuram,Town Panchayat,Kanniyakumari
Rosalpatti,Census Town,Virudhunagar
R. Pudupatti,Town Panchayat,Namakkal
R. S. Mangalam,Town Panchayat,Ramanathapuram
Rudravathi,Town Panchayat,Tiruppur
Sakkarakottai,Census Town,Ramanathapuram
Sakkimangalam,Census Town,Madurai
Salamedu,Census Town,Viluppuram
Salangapalayam,Town Panchayat,Erode
Salem,Municipal Corporation,Salem
Samalapuram,Town Panchayat,Tiruppur
Samanatham,Census Town,Madurai
Samathur,Town Panchayat,Coimbatore
Samayanallur,Census Town,Madurai
Sambavar Vadagarai,Town Panchayat,Tirunelveli
Samusigapuram,Census Town,Virudhunagar
Sankaramanallur,Town Panchayat,Tiruppur
Sankarankoil (Sankarankovil),Municipality,Tirunelveli
Sankaraperi,Census Town,Thoothukkudi
Sankarapuram,Town Panchayat,Viluppuram
Sankarapuram,Census Town,Sivaganga
Sankari (Sankagiri),Town Panchayat,Salem
Sankarnagar,Town Panchayat,Tirunelveli
Sanniyasigundu,Census Town,Salem
Saravanampatti,Town Panchayat,Coimbatore
Sarcarsamakulam,Town Panchayat,Coimbatore
Sathankulam,Town Panchayat,Thoothukkudi
Sathiyavijayanagaram,Census Town,Tiruvannamalai
Sathkar,Census Town,Vellore
Sathuvachari (Sathuvacheri),Municipality,Vellore
Sathyamangalam,Municipality,Erode
Sattur,Municipality,Virudhunagar
Sayalgudi,Town Panchayat,Ramanathapuram
Sayapuram,Town Panchayat,Thoothukkudi
Seerapalli,Town Panchayat,Namakkal
Seithur,Town Panchayat,Virudhunagar
Selathampatti,Census Town,Salem
Sembakkam,Town Panchayat,Kanchipuram
Sembedu,Census Town,Vellore
Sembianallur,Census Town,Tiruppur
Semmipalayam,Census Town,Tiruppur
Senapiratti,Census Town,Karur
Sengamalanachiarpatti,Census Town,Virudhunagar
Senneerkuppam,Census Town,Thiruvallur
Senthamangalam,Town Panchayat,Namakkal
Sentharapatti,Town Panchayat,Salem
Senur,Census Town,Vellore
Sethiathoppu,Town Panchayat,Cuddalore
Sevilimedu,Town Panchayat,Kanchipuram
Sevugampatti,Town Panchayat,Dindigul
Sevur,Census Town,Vellore
Sevur,Census Town,Tiruvannamalai
Shenbakkam,Town Panchayat,Vellore
Shenkottai (Sengottai),Municipality,Tirunelveli
Sholavandan,Town Panchayat,Madurai
Sholinganallur,Town Panchayat with Outgrowth,Kanchipuram
Sholingur (Sholinghur),Town Panchayat,Vellore
Sholur,Town Panchayat,The Nilgiris
Sikkarayapuram,Census Town,Kanchipuram
Silaiman,Census Town,Madurai
Silapadi,Census Town,Dindigul
Singampuneri (Singampunari),Town Panchayat,Sivaganga
Singaperumalkoil,Census Town,Kanchipuram
Sircar Periapalayam,Census Town,Tiruppur
Sirkali (Sirkazhi),Municipality,Nagapattinam
Sirugamani,Town Panchayat,Tiruchirappalli
Sirukalathur,Census Town,Kanchipuram
Sirukaveripakkam,Census Town,Kanchipuram
Sirumugai,Town Panchayat,Coimbatore
Sithayankottai,Town Panchayat,Dindigul
Sithurajapuram,Census Town,Virudhunagar
Sivaganga,Municipality,Sivaganga
Sivagiri,Town Panchayat,Erode
Sivagiri,Town Panchayat,Tirunelveli
Sivagiripatti,Census Town,Dindigul
Sivagnanapuram,Census Town,Virudhunagar
Sivakasi,Municipality,Virudhunagar
Sivanthipuram,Census Town,Tirunelveli
Somayampalayam,Census Town,Coimbatore
Soolakkarai,Census Town,Virudhunagar
Soorapattu,Census Town,Thiruvallur
South Kannanur,Town Panchayat,Tiruchirappalli
South Kodikulam,Town Panchayat,Virudhunagar
South Nallur,Municipality,Tiruppur
Srikalikapuram,Census Town,Thiruvallur
Srimushnam,Town Panchayat,Cuddalore
Sriperumbudur,Town Panchayat,Kanchipuram
Sriramapuram,Town Panchayat,Dindigul
Srivaikuntam,Town Panchayat,Thoothukkudi
Srivilliputhur,Municipality,Virudhunagar
St. Thomas Mount-cum-Pallavaram,Cantonment (Board),Kanchipuram
Suchindrum (Suchindram),Town Panchayat,Kanniyakumari
Suleeswaranpatti,Town Panchayat,Coimbatore
Sulur,Town Panchayat,Coimbatore
Sumaitheerthapuram,Census Town,Tirunelveli
Sundarapandiam,Town Panchayat,Virudhunagar
Sundarapandianpattinam,Census Town,Ramanathapuram
Sundarapandiapuram,Town Panchayat,Tirunelveli
SuPallipattu,Census Town,Vellore
Surampatti,Municipality,Erode
Surandai,Town Panchayat,Tirunelveli
Suriyampalayam,Town Panchayat,Erode
Swamimalai,Town Panchayat,Thanjavur
Tajpura,Census Town,Vellore
Tambaram,Municipality,Kanchipuram
Tenkasi,Municipality,Tirunelveli
Terkukallikulam,Census Town,Tirunelveli
Thadikarankonam,Census Town,Kanniyakumari
Thadikombu,Town Panchayat,Dindigul
Thakkolam,Town Panchayat,Vellore
Thalainayar,Town Panchayat,Nagapattinam
Thalakudi,Census Town,Tiruchirappalli
Thamaraikulam,Town Panchayat,Theni
Thammampatti,Town Panchayat,Salem
Thanakkankulam,Census Town,Madurai
Thanjavur,Municipality,Thanjavur
Thanthoni,Municipality,Karur
Thappakuttai,Census Town,Salem
Tharamangalam,Town Panchayat,Salem
Tharangambadi,Town Panchayat,Nagapattinam
Thathaiyangarpet,Town Panchayat,Tiruchirappalli
Thathankuttai,Census Town,Namakkal
Thazhakudy,Town Panchayat,Kanniyakumari
Thedavur,Town Panchayat,Salem
Theerthagiriyampattu,Census Town,Thiruvallur
Thenambakkam,Census Town,Kanchipuram
Thengampudur,Town Panchayat,Kanniyakumari
Theni Allinagaram,Municipality,Theni
Thenkarai,Town Panchayat,Coimbatore
Thenkarai,Town Panchayat,Theni
Thenthamaraikulam,Town Panchayat,Kanniyakumari
Thenthiruperai,Town Panchayat,Thoothukkudi
Therur (Theroor),Town Panchayat,Kanniyakumari
Thevaram,Town Panchayat,Theni
Thevur,Town Panchayat,Salem
Thiagadurgam,Town Panchayat,Viluppuram
Thikkanamcode,Census Town,Kanniyakumari
Thindal,Census Town,Erode
Thingalnagar,Town Panchayat,Kanniyakumari
Thirparappu (Thiruparappu),Town Panchayat,Kanniyakumari
Thirukarungudi,Town Panchayat,Tirunelveli
Thirukkattupalli,Town Panchayat,Thanjavur
Thirumalayampalayam,Town Panchayat,Coimbatore
Thirumalpur,Census Town,Vellore
Thirumangalam (Tirumangalam),Municipality,Madurai
Thirumazhisai,Town Panchayat,Thiruvallur
Thirumuruganpoondi,Town Panchayat,Tiruppur
Thirunagar,Town Panchayat,Madurai
Thirunageswaram,Town Panchayat,Thanjavur
Thiruneermalai,Town Panchayat,Kanchipuram
Thirunindravur (Thiruninravur),Town Panchayat,Thiruvallur
Thiruparankundram,Municipality with Outgrowth,Madurai
Thiruporur,Town Panchayat,Kanchipuram
Thiruppalai,Census Town,Madurai
Thiruppanandal,Town Panchayat,Thanjavur
Thirupuvanam (Thirubuvanam),Town Panchayat,Thanjavur
Thirupuvanam,Town Panchayat,Sivaganga
Thiruthangal,Municipality,Virudhunagar
Thiruthuraipoondi,Municipality,Thiruvarur
Thiruvaiyaru,Town Panchayat,Thanjavur
Thiruvalam,Town Panchayat,Vellore
Thiruvallur (Tiruvallur),Municipality,Thiruvallur
Thiruvarur,Municipality,Thiruvarur
Thiruvattar,Town Panchayat,Kanniyakumari
Thiruvenkadam,Town Panchayat,Tirunelveli
Thiruvennainallur,Town Panchayat,Viluppuram
Thiruverumbur,Town Panchayat,Tiruchirappalli
Thiruvidaimarudur,Town Panchayat,Thanjavur
Thiruvithancode (Thiruvithamcode),Town Panchayat,Kanniyakumari
Thisayanvilai,Town Panchayat,Tirunelveli
Thondamuthur,Town Panchayat,Coimbatore
Thondi,Town Panchayat,Ramanathapuram
Thoothukkudi (Thoothukudi),Municipal Corporation,Thoothukkudi
Thorapadi,Town Panchayat,Vellore
Thorapadi,Town Panchayat,Cuddalore
Thottipalayam,Census Town,Tiruppur
Thottiyam,Town Panchayat,Tiruchirappalli
Thozhur,Census Town,Thiruvallur
Thudiyalur,Town Panchayat,Coimbatore
Thuraiyur,Municipality,Tiruchirappalli
Thuthipattu,Census Town,Vellore
Thuvakudi,Municipality,Tiruchirappalli
Timiri,Town Panchayat,Vellore
Tindivanam,Municipality,Viluppuram
Tiruchendur (Thiruchendur),Town Panchayat,Thoothukkudi
Tiruchengode,Municipality,Namakkal
Tiruchirappalli,Municipal Corporation,Tiruchirappalli
Tirukalukundram,Town Panchayat,Kanchipuram
Tirukkoyilur (Tirukoilur),Town Panchayat,Viluppuram
Tirumalaigiri,Census Town,Salem
Tirunelveli,Municipal Corporation,Tirunelveli
Tirupathur (Tiruppattur),Municipality,Vellore
Tirupathur,Town Panchayat,Sivaganga
Tirupattur,Census Town,Vellore
Tiruppur,Municipal Corporation,Tiruppur
Tirusulam,Census Town,Kanchipuram
Tiruttani (Thiruttani),Municipality,Thiruvallur
Tiruvannamalai,Municipality,Tiruvannamalai
Tiruverkadu,Municipality with Outgrowth,Thiruvallur
Tiruvethipuram (Cheyyar),Municipality,Tiruvannamalai
Tiruvottiyur,Municipality,Thiruvallur
Tittacheri,Town Panchayat,Nagapattinam
Tittakudi,Town Panchayat,Cuddalore
Tittangulam,Census Town,Thoothukkudi
T.Kallupatti,Town Panchayat,Madurai
TNPL Pugalur,Town Panchayat,Karur
Udangudi,Town Panchayat,Thoothukkudi
Udayarpalayam,Town Panchayat,Ariyalur
Udhagamandalam (Ooty),Municipality,The Nilgiris
Udumalaipettai,Municipality,Tiruppur
Ullur,Census Town,Thanjavur
Ulundurpettai,Town Panchayat,Viluppuram
Unjalur,Town Panchayat,Erode
Unnamalaikadai,Town Panchayat,Kanniyakumari
Uppidamangalam,Town Panchayat,Karur
Uppiliapuram,Town Panchayat,Tiruchirappalli
Urapakkam,Census Town,Kanchipuram
Usilampatti,Municipality,Madurai
Usuppur,Census Town,Cuddalore
Uthamapalayam,Town Panchayat,Theni
Uthangarai,Town Panchayat,Krishnagiri
Uthayendram,Town Panchayat,Vellore
Uthiramerur,Town Panchayat,Kanchipuram
Uthukkottai (Uthukottai),Town Panchayat,Thiruvallur
Uthukuli,Town Panchayat,Tiruppur
Vadakarai Keezhpadugai,Town Panchayat,Tirunelveli
Vadakkanandal,Town Panchayat,Viluppuram
Vadakkuvalliyur,Town Panchayat,Tirunelveli
Vadalur,Town Panchayat,Cuddalore
Vadamadurai,Town Panchayat,Dindigul
Vadavalli,Town Panchayat,Coimbatore
Vaddakkankulam,Census Town,Tirunelveli
Vadi,Census Town,Virudhunagar
Vadipatti,Town Panchayat,Madurai
Vadugapatti,Town Panchayat,Erode
Vadugapatti,Town Panchayat,Theni
Vaitheeswarankoil,Town Panchayat,Nagapattinam
Valangaiman,Town Panchayat,Thiruvarur
Valasaravakkam,Municipality,Thiruvallur
Valathur,Census Town,Vellore
Valavandankottai,Census Town,Tiruchirappalli
Valavanur,Town Panchayat,Viluppuram
Valayambattu,Census Town,Vellore
Vallam,Town Panchayat,Thanjavur
Vallam,Census Town,Kanchipuram
Valparai,Municipality,Coimbatore
Valvaithankoshtam,Town Panchayat,Kanniyakumari
Vanagaram,Census Town,Thiruvallur
Vanapadi,Census Town,Vellore
Vanavasi,Town Panchayat,Salem
Vandalur,Census Town,Kanchipuram
Vandavasi,Municipality,Tiruvannamalai
Vandiyur,Census Town,Madurai
Vanganur,Census Town,Thiruvallur
Vaniputhur,Town Panchayat,Erode
Vaniyambadi,Municipality,Vellore
Vanniyoor,Census Town,Kanniyakumari
Varadarajanpettai,Town Panchayat,Ariyalur
Vasudevanallur,Town Panchayat,Tirunelveli
Vathirairuppu,Town Panchayat,Virudhunagar
Vavarai,Census Town,Kanniyakumari
Vazhapadi,Town Panchayat,Salem
Vedapatti,Town Panchayat,Coimbatore
Vedaranyam,Municipality,Nagapattinam
Vedasandur,Town Panchayat,Dindigul
Veeraganur,Town Panchayat,Salem
Veerakeralam,Town Panchayat,Coimbatore
Veerakkalpudur,Town Panchayat,Salem
Veerapandi,Census Town,Tiruppur
Veerapandi,Town Panchayat,Coimbatore
Veerapandi,Town Panchayat,Theni
Veerapandianpattinam Town,Census Town,Thoothukkudi
Veerappanchatiram (Veerappanchatram),Municipality,Erode
Veeravanallur,Town Panchayat,Tirunelveli
Velampalayam,Municipality,Tiruppur
Velankanni,Town Panchayat,Nagapattinam
Velayudampalayam,Census Town,Tiruppur
Vellakinar,Town Panchayat,Coimbatore
Vellakkalpatty,Census Town,Salem
Vellakoil,Municipality,Tiruppur
Vellalur (Vellalore),Town Panchayat,Coimbatore
Vellamcode,Census Town,Kanniyakumari
Vellaravalli,Census Town,Tiruppur
Vellimalai,Town Panchayat,Kanniyakumari
Vellore,Municipal Corporation,Vellore
Vellottamparappu,Town Panchayat,Erode
Velur,Town Panchayat,Namakkal
Vembadithalam,Census Town,Salem
Vengampudur,Town Panchayat,Erode
Vengathur,Census Town,Thiruvallur
Vengavasal,Census Town,Kanchipuram
Vengikkal,Census Town,Tiruvannamalai
Venkarai,Town Panchayat,Namakkal
Venkatachalapuram,Census Town,Virudhunagar
Venkatapuram,Census Town,Krishnagiri
Vennanthur,Town Panchayat,Namakkal
Veppathur,Town Panchayat,Thanjavur
Verkilambi,Town Panchayat,Kanniyakumari
Vettaikaranpudur,Town Panchayat,Coimbatore
Vettavalam,Town Panchayat,Tiruvannamalai
Vijayapuri,Census Town,Erode
Vikramasingapuram,Municipality,Tirunelveli
Vikravandi,Town Panchayat,Viluppuram
Vilacheri,Census Town,Madurai
Vilangudi,Town Panchayat,Madurai
Vilankurichi,Census Town,Coimbatore
Vilapakkam,Town Panchayat,Vellore
Vilar,Census Town,Thanjavur
Vilathikulam,Town Panchayat,Thoothukkudi
Vilathurai,Census Town,Kanniyakumari
Vilavancode,Census Town,Kanniyakumari
Vilavur,Town Panchayat,Kanniyakumari
Villukuri,Town Panchayat,Kanniyakumari
Viluppuram,Municipality,Viluppuram
Viraganur,Census Town,Madurai
Viralimalai,Census Town,Pudukkottai
Virinchipuram,Census Town,Vellore
Virudampattu,Census Town,Vellore
Virudhachalam,Municipality,Cuddalore
Virudhunagar,Municipality,Virudhunagar
Virupakshipuram,Census Town,Vellore
Viswanatham,Census Town,Virudhunagar
V.Pudupatti,Town Panchayat,Virudhunagar
V. Pudur,Town Panchayat,Thoothukkudi
Walajabad,Town Panchayat,Kanchipuram
Walajapet,Municipality with Outgrowth,Vellore
Wellington,Cantonment (Board),The Nilgiris
Yercaud,Census Town,Salem
Zamin Uthukuli,Town Panchayat,Coimbatore
Zuzuvadi,Census Town,Krishnagiri
